gefahr_id,Klimawandel,Technologische Innovationen und wissenschaftliche Fortschritte,Verst√§dterung und urbane Landwirtschaft,Mikrobiome und Lebensmittelsicherheit,Neue Lebensmittel und Lebensmittelproduktionssysteme,Konsumentenverhalten und Konsumtrends,Mikrobielle Evolution und Antibiotikaresistenz,Technologie,Umwelt,Wirtschaft
26,1,1,0,1,0,1,0,1,1,1
61,0,0,0,1,0,0,0,0,0,0
109,1,0,1,1,0,1,0,0,1,1
111,1,0,1,1,0,1,0,0,1,1
125,1,0,1,1,0,1,0,0,1,1
128,0,0,0,1,1,0,1,0,0,0
131,0,0,0,1,1,0,1,0,0,0
165,1,1,0,1,0,1,0,1,1,1
185,1,1,0,1,0,1,0,1,1,1
261,1,1,0,1,0,1,0,1,1,1
338,1,1,0,1,0,1,0,1,1,1
341,1,1,0,1,0,1,0,1,1,1
352,0,0,0,1,0,0,0,0,0,0
365,0,0,0,1,0,0,0,0,0,0
366,0,0,0,1,0,0,0,0,0,0
376,0,0,0,1,0,0,0,0,0,0
442,1,0,1,1,0,1,0,0,1,1
443,1,0,1,1,0,1,0,0,1,1
